{"loss": [0.006825753641926152], "mae": [0.10276888232763814], "mean_q": [0.1551407429646572], "mean_eps": [0.09999999999999987], "episode_reward": [17.0], "nb_episode_steps": [1200], "nb_steps": [1200], "episode": [0], "duration": [18.41474549999998]}